experiment_id	timestamp	tier	status	decision	val_fvu	k	architecture	expansion_factor	wall_time_sec	peak_memory_gb	total_tokens	checkpoint	head_commit	head_branch	workspace_dirty	description	self_review	log_path
proxy_1774027145	1774027145	proxy	ok	promote	0.30917107313871384	128	jumprelu	8			5013504	/root/sparsify-ascend/checkpoints/research_agent/round_0002_proxy/round0002_proxy_1774027084_dp2_bs1_ga8_ef8_k128_20260321_011811	80a76efe3cf1d1f22200d2f491f9434400e51dae	autoresearch-sae	True	Run the first proxy comparison for the `jumprelu` family at K=128 using the prototype already added under `sparsify/`. Keep the round focused on establishing whether this family can materially improve the anchor-quality regime before any smaller-K or throughput tradeoffs.	This is the narrowest coherent follow-up because there is still no empirical signal for the new family. Risk remains runtime overhead from the dense encode path, but that should be interpreted as implementation cost unless quality is also clearly unpromising.	/root/sparsify-ascend/research/history/logs/proxy_1774027145.log
full_1774027325	1774027325	full	ok	keep	0.1887873373925686	128	jumprelu	8			40009728	/root/sparsify-ascend/checkpoints/research_agent/round_0002_full/round0002_full_1774027145_dp2_bs1_ga8_ef8_k128_20260321_011911	80a76efe3cf1d1f22200d2f491f9434400e51dae	autoresearch-sae	True	Run the first proxy comparison for the `jumprelu` family at K=128 using the prototype already added under `sparsify/`. Keep the round focused on establishing whether this family can materially improve the anchor-quality regime before any smaller-K or throughput tradeoffs. full	This is the narrowest coherent follow-up because there is still no empirical signal for the new family. Risk remains runtime overhead from the dense encode path, but that should be interpreted as implementation cost unless quality is also clearly unpromising.	/root/sparsify-ascend/research/history/logs/full_1774027325.log
proxy_1774027698	1774027698	proxy	ok	discard	0.3432992845773697	128	jumprelu	8			5013504	/root/sparsify-ascend/checkpoints/research_agent/round_0003_proxy/round0003_proxy_1774027397_dp2_bs1_ga8_ef8_k128_20260321_012324	a744ec309db0710ac0c3421b354e5cd34b931569	autoresearch-sae	True	Advance the `jumprelu` family from prototype to stabilization with a single family-specific parameter sweep point at the K=128 anchor. Keep architecture and optimizer fixed and test a sharper thresholded encoder to see whether the current 0.1888 full FVU can be pushed materially lower before considering any cost tradeoffs.	This is a focused follow-up on the only family with positive evidence so far. The main risk is over-sparsifying early and hurting reconstruction, but that is the right failure mode to test next because the current signal suggests threshold behavior is the key family-specific lever.	/root/sparsify-ascend/research/history/logs/proxy_1774027698.log
proxy_1774029894	1774029894	proxy	ok	promote	0.3079271614551544	128	jumprelu	8			5013504	/root/sparsify-ascend/checkpoints/research_agent/round_0008_proxy/round0008_proxy_1774029834_dp2_bs1_ga8_ef8_k128_20260321_020400	b8135a4d4adc4e20501ea4f7816b3e0363ca4583	autoresearch-sae	True	Stay on the best known working JumpReLU K=128 configuration and run a single softer-gating proxy check by increasing gate bandwidth slightly, keeping the round focused on stability recovery and a clean read on threshold dynamics.	This stays within crash-recovery constraints and makes only a minor parameter adjustment on the current best working family. The main risk is that bandwidth softening may be too small to move FVU materially, but it is the safest informative step after consecutive crashes and the prior perf regression.	/root/sparsify-ascend/research/history/logs/proxy_1774029894.log
full_1774030074	1774030074	full	ok	archive	0.18926890939474106	128	jumprelu	8			40009728	/root/sparsify-ascend/checkpoints/research_agent/round_0008_full/round0008_full_1774029894_dp2_bs1_ga8_ef8_k128_20260321_020500	b8135a4d4adc4e20501ea4f7816b3e0363ca4583	autoresearch-sae	True	Stay on the best known working JumpReLU K=128 configuration and run a single softer-gating proxy check by increasing gate bandwidth slightly, keeping the round focused on stability recovery and a clean read on threshold dynamics. full	This stays within crash-recovery constraints and makes only a minor parameter adjustment on the current best working family. The main risk is that bandwidth softening may be too small to move FVU materially, but it is the safest informative step after consecutive crashes and the prior perf regression.	/root/sparsify-ascend/research/history/logs/full_1774030074.log
proxy_1774030187	1774030187	proxy	ok	promote	0.3707040101289749	64	jumprelu	8			5013504	/root/sparsify-ascend/checkpoints/research_agent/round_0009_proxy/round0009_proxy_1774030127_dp2_bs1_ga8_ef8_k64_20260321_020854	c7166bfc79ea1024e292d0599b856a8540ed9564	autoresearch-sae	True	Run the current best JumpReLU setup at K=64 as the first required smaller-K probe, keeping the rest of the working configuration fixed so the round cleanly measures K sensitivity before any further LR, auxk, or expansion sweeps.	This follows the required K exploration order and changes only the experimental dimension of K while keeping the best known JumpReLU settings fixed. The main risk is a sharp FVU regression because the current quality target is still far from satisfied, but that is the required information gap to close before more local tuning.	/root/sparsify-ascend/research/history/logs/proxy_1774030187.log
full_1774030368	1774030368	full	ok	keep	0.23653452284634113	64	jumprelu	8			40009728	/root/sparsify-ascend/checkpoints/research_agent/round_0009_full/round0009_full_1774030187_dp2_bs1_ga8_ef8_k64_20260321_020954	c7166bfc79ea1024e292d0599b856a8540ed9564	autoresearch-sae	True	Run the current best JumpReLU setup at K=64 as the first required smaller-K probe, keeping the rest of the working configuration fixed so the round cleanly measures K sensitivity before any further LR, auxk, or expansion sweeps. full	This follows the required K exploration order and changes only the experimental dimension of K while keeping the best known JumpReLU settings fixed. The main risk is a sharp FVU regression because the current quality target is still far from satisfied, but that is the required information gap to close before more local tuning.	/root/sparsify-ascend/research/history/logs/full_1774030368.log
proxy_1774030482	1774030482	proxy	ok	promote	0.43147215619683266	32	jumprelu	8			5013504	/root/sparsify-ascend/checkpoints/research_agent/round_0010_proxy/round0010_proxy_1774030422_dp2_bs1_ga8_ef8_k32_20260321_021348	b755fad792246b44ffa3391e337b439868aa45eb	autoresearch-sae	True	Run the current best JumpReLU configuration at K=32 to complete the required smaller-K exploration ladder before returning to LR, auxk, or expansion sweeps.	This cleanly isolates K as the only changed variable and follows the required exploration order after the successful K=64 full run. The main downside is likely further FVU degradation relative to K=64 and K=128, but that evidence is necessary before resuming exploitation on other parameters.	/root/sparsify-ascend/research/history/logs/proxy_1774030482.log
full_1774030692	1774030692	full	ok	keep	0.28750021010637283	32	jumprelu	8			40009728	/root/sparsify-ascend/checkpoints/research_agent/round_0010_full/round0010_full_1774030482_dp2_bs1_ga8_ef8_k32_20260321_021449	b755fad792246b44ffa3391e337b439868aa45eb	autoresearch-sae	True	Run the current best JumpReLU configuration at K=32 to complete the required smaller-K exploration ladder before returning to LR, auxk, or expansion sweeps. full	This cleanly isolates K as the only changed variable and follows the required exploration order after the successful K=64 full run. The main downside is likely further FVU degradation relative to K=64 and K=128, but that evidence is necessary before resuming exploitation on other parameters.	/root/sparsify-ascend/research/history/logs/full_1774030692.log
proxy_1774030793	1774030793	proxy	ok	discard	0.36220645159482956	128	jumprelu	8			5013504	/root/sparsify-ascend/checkpoints/research_agent/round_0011_proxy/round0011_proxy_1774030733_dp2_bs1_ga8_ef8_k128_20260321_021859	26c92ef3c4b88148d56bf7413bc29db1ed9905db	autoresearch-sae	True	Return to the best-quality JumpReLU K=128 configuration and start a systematic LR sweep with 4e-4, keeping all other settings fixed so the round cleanly tests whether optimization, not architecture, is limiting quality.	This keeps the round narrowly focused on a single LR change on the strongest quality anchor after completing the required K ladder. The main risk is that lower LR may simply slow progress without improving FVU, but it is the cleanest next exploitation step given that K=64 and K=32 both trailed the K=128 baseline.	/root/sparsify-ascend/research/history/logs/proxy_1774030793.log
proxy_1774030890	1774030890	proxy	ok	promote	0.2798203472048044	128	jumprelu	8			5013504	/root/sparsify-ascend/checkpoints/research_agent/round_0012_proxy/round0012_proxy_1774030830_dp2_bs1_ga8_ef8_k128_20260321_022036	20014e667b907d3f2bee625e72e9e3838002f142	autoresearch-sae	True	Keep JumpReLU fixed at the K=128 quality anchor and continue the single-parameter LR sweep by testing 1.6e-3 next.	This follows the planned opposite-direction LR probe after 4e-4 underperformed and keeps the round tightly scoped to one parameter. The main risk is overshooting and harming training, but the previous lower-LR result strongly suggests the baseline is not simply overstepping already.	/root/sparsify-ascend/research/history/logs/proxy_1774030890.log
full_1774031070	1774031070	full	ok	keep	0.17238502204418182	128	jumprelu	8			40009728	/root/sparsify-ascend/checkpoints/research_agent/round_0012_full/round0012_full_1774030890_dp2_bs1_ga8_ef8_k128_20260321_022136	20014e667b907d3f2bee625e72e9e3838002f142	autoresearch-sae	True	Keep JumpReLU fixed at the K=128 quality anchor and continue the single-parameter LR sweep by testing 1.6e-3 next. full	This follows the planned opposite-direction LR probe after 4e-4 underperformed and keeps the round tightly scoped to one parameter. The main risk is overshooting and harming training, but the previous lower-LR result strongly suggests the baseline is not simply overstepping already.	/root/sparsify-ascend/research/history/logs/full_1774031070.log
proxy_1774031181	1774031181	proxy	ok	promote	0.2680681049823761	128	jumprelu	8			5013504	/root/sparsify-ascend/checkpoints/research_agent/round_0013_proxy/round0013_proxy_1774031120_dp2_bs1_ga8_ef8_k128_20260321_022527	a76ff7602b677f5de4ff1cc27e218d8c2c93f4b3	autoresearch-sae	True	Keep the improved JumpReLU K=128 anchor fixed and continue the LR sweep upward to 3.2e-3 as the next single-parameter refinement.	This follows directly from the successful 1.6e-3 promotion and keeps the round tightly scoped to LR only. The main risk is overshooting and degrading training, but the last result justifies testing the next higher bracket before moving to auxk or expansion sweeps.	/root/sparsify-ascend/research/history/logs/proxy_1774031181.log
full_1774031391	1774031391	full	ok	archive	0.1714103352278471	128	jumprelu	8			40009728	/root/sparsify-ascend/checkpoints/research_agent/round_0013_full/round0013_full_1774031181_dp2_bs1_ga8_ef8_k128_20260321_022627	a76ff7602b677f5de4ff1cc27e218d8c2c93f4b3	autoresearch-sae	True	Keep the improved JumpReLU K=128 anchor fixed and continue the LR sweep upward to 3.2e-3 as the next single-parameter refinement. full	This follows directly from the successful 1.6e-3 promotion and keeps the round tightly scoped to LR only. The main risk is overshooting and degrading training, but the last result justifies testing the next higher bracket before moving to auxk or expansion sweeps.	/root/sparsify-ascend/research/history/logs/full_1774031391.log
proxy_1774031497	1774031497	proxy	ok	discard	0.2798203472048044	128	jumprelu	8			5013504	/root/sparsify-ascend/checkpoints/research_agent/round_0014_proxy/round0014_proxy_1774031437_dp2_bs1_ga8_ef8_k128_20260321_023044	5606701a3bbdb5267235390864a0160dd1f67c38	autoresearch-sae	True	Hold the improved JumpReLU K=128 setup fixed at LR=1.6e-3 and start the auxk sweep by setting AUXK_ALPHA=0 to test whether pure reconstruction training beats the current anchor.	The LR sweep already found a clear improvement and 3.2e-3 only gave a marginal archive result, so shifting to auxk is the cleanest next one-variable probe. The main risk is increased dead features or weaker long-run stability, but proxy is the right stage to test whether the auxiliary term is helping or hurting frontier quality.	/root/sparsify-ascend/research/history/logs/proxy_1774031497.log
proxy_1774031606	1774031606	proxy	ok	discard	0.2798203472048044	128	jumprelu	8			5013504	/root/sparsify-ascend/checkpoints/research_agent/round_0015_proxy/round0015_proxy_1774031546_dp2_bs1_ga8_ef8_k128_20260321_023233	3b91b70c9fec41d2030ba0eb61f3ab5c28a91c95	autoresearch-sae	True	Keep the best-quality JumpReLU K=128 configuration fixed at LR=1.6e-3 and continue the auxk sweep with AUXK_ALPHA=0.01 after the zero-auxk ablation underperformed.	This follows directly from the failed AUXK_ALPHA=0 test and probes the obvious intermediate point without changing any other variable. The main risk is that auxk may simply not be the limiting factor, but 0.01 is the most informative remaining near-baseline setting before moving on to expansion-factor sweeps.	/root/sparsify-ascend/research/history/logs/proxy_1774031606.log
proxy_1774031724	1774031724	proxy	ok	archive	0.268525505438447	128	jumprelu	16			5013504	/root/sparsify-ascend/checkpoints/research_agent/round_0016_proxy/round0016_proxy_1774031663_dp2_bs1_ga8_ef16_k128_20260321_023430	59cd5a3a2026a45c8642ab0f8157ace195796bf9	autoresearch-sae	True	Keep the best K=128 JumpReLU quality anchor fixed and begin the expansion-factor sweep with EXPANSION_FACTOR=16, since the recent auxk sweep underperformed and capacity is the next clean one-parameter probe.	This follows the runtime exploitation guidance and changes exactly one primary variable after two auxk reductions both degraded proxy quality. The main risk is extra capacity may not help at fixed optimization settings, but EF=16 is the most justified next test before broader architecture changes.	/root/sparsify-ascend/research/history/logs/proxy_1774031724.log
proxy_1774031831	1774031831	proxy	ok	discard	0.2960480824112892	128	jumprelu	4			5013504	/root/sparsify-ascend/checkpoints/research_agent/round_0017_proxy/round0017_proxy_1774031771_dp2_bs1_ga8_ef4_k128_20260321_023617	1231b2127ece6de8dd2863835641040ec8892f0f	autoresearch-sae	True	Keep the best K=128 JumpReLU anchor fixed and continue the single-parameter expansion-factor sweep with EXPANSION_FACTOR=4 after EF=16 was only archive-level.	This follows the current exploitation plan and isolates the last untested expansion-factor setting before moving to a different parameter axis. The main risk is reduced capacity worsening reconstruction, but EF=4 is the cleanest remaining test to determine whether EF=8 is actually near-optimal.	/root/sparsify-ascend/research/history/logs/proxy_1774031831.log
proxy_1774032052	1774032052	proxy	ok	discard	0.2798203472048044	128	jumprelu	8			5013504	/root/sparsify-ascend/checkpoints/research_agent/round_0020_proxy/round0020_proxy_1774031992_dp2_bs1_ga8_ef8_k128_20260321_023958	4ad29add785ed5883ac43dd514fc9ec813906958	autoresearch-sae	True	Use the current best working JumpReLU K=128 setup as the stability anchor and make one minor parameter adjustment by testing AUXK_ALPHA=0.0625 in proxy.	This respects crash-recovery constraints by avoiding code edits and new architectures, and it returns to the strongest validated configuration with a single conservative parameter change. The main risk is that higher auxk may over-regularize reconstruction, but it is a safer stability-oriented probe than another architecture shift.	/root/sparsify-ascend/research/history/logs/proxy_1774032052.log
proxy_1774032157	1774032157	proxy	ok	incubate	0.27554506808519363	128	topk	8			5013504	/root/sparsify-ascend/checkpoints/research_agent/round_0021_proxy/round0021_proxy_1774032097_dp2_bs1_ga8_ef8_k128_20260321_024144	a48627a6118e67153eac2cf2d72a25c9b17320b3	autoresearch-sae	True	Switch from stalled JumpReLU tuning to a proxy top-k architecture run at K=128 while keeping the strongest validated training settings fixed for a clean architecture comparison.	This satisfies the requirement to try a fundamentally different architecture approach after prolonged stagnation, while avoiding the invalid gated-only overrides that caused recent crashes. The main risk is top-k underperforming JumpReLU, but it is the cleanest valid architecture pivot available without editing code.	/root/sparsify-ascend/research/history/logs/proxy_1774032157.log
proxy_1774032295	1774032295	proxy	ok	incubate	0.2744196895509958	128	gated	8			5013504	/root/sparsify-ascend/checkpoints/research_agent/round_0022_proxy/round0022_proxy_1774032205_dp2_bs1_ga8_ef8_k128_20260321_024331	eb19d1874869e760588f1772280f17cf9fd93b4f	autoresearch-sae	True	Launch a proxy gated-family prototype at K=128 using the strongest validated training regime, but avoid architecture-specific override keys that previously caused invalid-env crashes.	This keeps the round focused on a real architecture change rather than another exhausted local sweep, and it directly addresses the recent gated launch failures by using only confirmed-safe env overrides. The main risk is that gated remains worse than top-k and JumpReLU, but that is the most informative remaining architecture probe available without code changes.	/root/sparsify-ascend/research/history/logs/proxy_1774032295.log
proxy_1774032408	1774032408	proxy	ok	promote	0.2628733478486538	128	gated	16			5013504	/root/sparsify-ascend/checkpoints/research_agent/round_0023_proxy/round0023_proxy_1774032348_dp2_bs1_ga8_ef16_k128_20260321_024554	521cdb62c20f27f1e874f09fb50f915b372e677a	autoresearch-sae	True	Keep the gated family active and run a proxy stabilization pass at K=128 with EXPANSION_FACTOR=16 to test whether extra encoder capacity unlocks a better regime than the initial prototype.	This stays on a fundamentally different architecture path rather than returning to exhausted JumpReLU-local tuning, and it changes one generic override that is known to be launcher-safe. The main risk is that gated is not capacity-limited, but EF=16 is a cleaner stabilization probe than jumping back to minor optimizer tweaks.	/root/sparsify-ascend/research/history/logs/proxy_1774032408.log
full_1774032859	1774032859	full	ok	keep	0.1598423682153225	128	gated	16			40009728	/root/sparsify-ascend/checkpoints/research_agent/round_0023_full/round0023_full_1774032408_dp2_bs1_ga8_ef16_k128_20260321_024655	521cdb62c20f27f1e874f09fb50f915b372e677a	autoresearch-sae	True	Keep the gated family active and run a proxy stabilization pass at K=128 with EXPANSION_FACTOR=16 to test whether extra encoder capacity unlocks a better regime than the initial prototype. full	This stays on a fundamentally different architecture path rather than returning to exhausted JumpReLU-local tuning, and it changes one generic override that is known to be launcher-safe. The main risk is that gated is not capacity-limited, but EF=16 is a cleaner stabilization probe than jumping back to minor optimizer tweaks.	/root/sparsify-ascend/research/history/logs/full_1774032859.log
proxy_1774032966	1774032966	proxy	ok	promote	0.2544651385396719	128	gated	16			5013504	/root/sparsify-ascend/checkpoints/research_agent/round_0024_proxy/round0024_proxy_1774032906_dp2_bs1_ga8_ef16_k128_20260321_025512	f1288a061e559d0c2ee4d81efc05559f5a43b3d4	autoresearch-sae	True	Keep the promoted gated K=128 EF=16 architecture fixed and begin a gated-specific learning-rate stabilization sweep with LR=3.2e-3 in proxy.	This builds directly on the first full gated win and changes one generic, launcher-safe parameter while holding the successful architecture fixed. The main risk is overshooting and losing the newly gained quality, but LR is the cleanest next stabilization axis after capacity produced a clear improvement.	/root/sparsify-ascend/research/history/logs/proxy_1774032966.log
full_1774033297	1774033297	full	ok	discard	0.16260127536952496	128	gated	16			40009728	/root/sparsify-ascend/checkpoints/research_agent/round_0024_full/round0024_full_1774032967_dp2_bs1_ga8_ef16_k128_20260321_025613	f1288a061e559d0c2ee4d81efc05559f5a43b3d4	autoresearch-sae	True	Keep the promoted gated K=128 EF=16 architecture fixed and begin a gated-specific learning-rate stabilization sweep with LR=3.2e-3 in proxy. full	This builds directly on the first full gated win and changes one generic, launcher-safe parameter while holding the successful architecture fixed. The main risk is overshooting and losing the newly gained quality, but LR is the cleanest next stabilization axis after capacity produced a clear improvement.	/root/sparsify-ascend/research/history/logs/full_1774033297.log
proxy_1774033461	1774033461	proxy	ok	discard	0.28860342130064964	128	gated	16			5013504	/root/sparsify-ascend/checkpoints/research_agent/round_0025_proxy/round0025_proxy_1774033341_dp2_bs1_ga8_ef16_k128_20260321_030227	cf567515621e2d7f33a21777e972012a92e9fda8	autoresearch-sae	True	Keep the gated K=128 EF=16 architecture fixed and continue the gated stabilization sweep by testing a lower learning rate of 8e-4 in proxy.	This follows directly from the failed higher-LR full promotion and changes one generic, launcher-safe parameter while preserving the current best architecture. The main risk is under-updating the larger gated model, but LR is now the clearest remaining stabilization axis after 3.2e-3 regressed.	/root/sparsify-ascend/research/history/logs/proxy_1774033461.log
proxy_1774033770	1774033770	proxy	ok	discard	0.336552269756794	128	gated	16			5013504	/root/sparsify-ascend/checkpoints/research_agent/round_0027_proxy/round0027_proxy_1774033709_dp2_bs1_ga8_ef16_k128_20260321_030835	b34ea2ed0ec35a14e3fb9363093f036c0da2aa24	autoresearch-sae	True	Keep the gated K=128 EF=16 architecture fixed and continue the gated stabilization sweep by testing LR=4e-4 in proxy.	This stays within the current best family and changes exactly one launcher-safe parameter in line with the exploitation guidance. The main risk is that the model is already under-updating and 4e-4 will be even worse, but it is the highest-priority untested LR in the remaining systematic sweep.	/root/sparsify-ascend/research/history/logs/proxy_1774033770.log
proxy_1774033877	1774033877	proxy	ok	discard	0.2628733478486538	128	gated	16			5013504	/root/sparsify-ascend/checkpoints/research_agent/round_0028_proxy/round0028_proxy_1774033816_dp2_bs1_ga8_ef16_k128_20260321_031023	79faee15288e83644ba251b432138695b5834dce	autoresearch-sae	True	Keep the gated K=128 EF=16 architecture fixed and start a gated AUXK sweep by testing AUXK_ALPHA=0.0625 in proxy.	This follows the exploitation guidance and changes exactly one parameter on the current best full configuration after the LR bracket was effectively exhausted. The main risk is over-regularizing and diluting the main reconstruction objective, but AUXK is the highest-priority remaining single-axis quality probe within gated.	/root/sparsify-ascend/research/history/logs/proxy_1774033877.log
proxy_1774033990	1774033990	proxy	ok	incubate	0.26476579532027245	128	topk	16			5013504	/root/sparsify-ascend/checkpoints/research_agent/round_0029_proxy/round0029_proxy_1774033930_dp2_bs1_ga8_ef16_k128_20260321_031216	363ac9e9bb8baa1aa70cdff428980e3a5a6c097e	autoresearch-sae	True	Return to the incubating top-k family and run a proxy architecture comparison at K=128 under the current best gated training settings.	This satisfies the mandatory mode shift away from minor gated sweeps and makes one coherent architecture change while keeping the rest of the regime fixed. The main risk is that top-k was already only moderately competitive in an earlier proxy, but it is the cleanest fundamentally different architecture available without adding more code churn during severe stagnation.	/root/sparsify-ascend/research/history/logs/proxy_1774033990.log
proxy_1774034261	1774034261	proxy	ok	incubate	0.26536404341459274	128	routed	16			5013504	/root/sparsify-ascend/checkpoints/research_agent/round_0031_proxy/round0031_proxy_1774034171_dp2_bs1_ga8_ef16_k128_20260321_031617	ab92ac7d2b5a6e59c41314880f0fb9e0592d2e91	autoresearch-sae	True	Run the routed architecture in proxy at K=128 using the current strongest training settings to test a fundamentally different support-selection mechanism.	This satisfies the required mode shift away from minor parameter sweeps and uses the most defensible alternative architecture currently available in the codebase. The main risk is that routed still underperforms, but that outcome would be more informative than another local gated adjustment because it tests whether the current search direction is structurally limited.	/root/sparsify-ascend/research/history/logs/proxy_1774034261.log
proxy_1774060595	1774060595	proxy	ok	promote	0.17990098893642426	128	gated	16			20021248	/root/sparsify-ascend/checkpoints/research_agent/round_0034_proxy/round0034_proxy_1774060444_dp2_bs1_ga8_ef16_k128_20260321_103410	c2b35e3b7ad2e1607b5137cabc25c5b508ac6f7a	autoresearch-sae	True	Run a proxy stabilization pass on the best gated K=128 EF=16 configuration with AUXK_ALPHA reduced from 0.03125 to 0.01.	This follows crash recovery requirements by using the current best working architecture with a single minor parameter change and no code edits. The main risk is that this remains another non-improving local probe, but it is the lowest-risk unresolved stabilization axis around the strongest validated baseline.	/root/sparsify-ascend/research/history/logs/proxy_1774060595.log
full_1774060896	1774060896	full	ok	keep	0.15980935469269753	128	gated	16			40009728	/root/sparsify-ascend/checkpoints/research_agent/round_0034_full/round0034_full_1774060595_dp2_bs1_ga8_ef16_k128_20260321_103642	c2b35e3b7ad2e1607b5137cabc25c5b508ac6f7a	autoresearch-sae	True	Run a proxy stabilization pass on the best gated K=128 EF=16 configuration with AUXK_ALPHA reduced from 0.03125 to 0.01. full	This follows crash recovery requirements by using the current best working architecture with a single minor parameter change and no code edits. The main risk is that this remains another non-improving local probe, but it is the lowest-risk unresolved stabilization axis around the strongest validated baseline.	/root/sparsify-ascend/research/history/logs/full_1774060896.log
proxy_1774061015	1774061015	proxy	ok	promote	0.3139137737452984	64	gated	16			5013504	/root/sparsify-ascend/checkpoints/research_agent/round_0035_proxy/round0035_proxy_1774060954_dp2_bs1_ga8_ef16_k64_20260321_104241	cd8790f29bdac089c3d8e071578d0cff46910bc2	autoresearch-sae	True	Run the stabilized gated configuration in proxy at K=64 with AUXK_ALPHA=0.01 to test whether the improved K=128 regime yields a stronger low-K Pareto point.	This keeps one coherent change on the current best working family and directly targets Pareto improvement at lower K instead of reopening weaker architecture branches immediately. The main risk is that gated may not transfer well to lower K, but that outcome is still informative because the existing K=64 frontier is substantially weaker than the current gated anchor.	/root/sparsify-ascend/research/history/logs/proxy_1774061015.log
full_1774061316	1774061316	full	ok	keep	0.2061613965779543	64	gated	16			40009728	/root/sparsify-ascend/checkpoints/research_agent/round_0035_full/round0035_full_1774061015_dp2_bs1_ga8_ef16_k64_20260321_104342	cd8790f29bdac089c3d8e071578d0cff46910bc2	autoresearch-sae	True	Run the stabilized gated configuration in proxy at K=64 with AUXK_ALPHA=0.01 to test whether the improved K=128 regime yields a stronger low-K Pareto point. full	This keeps one coherent change on the current best working family and directly targets Pareto improvement at lower K instead of reopening weaker architecture branches immediately. The main risk is that gated may not transfer well to lower K, but that outcome is still informative because the existing K=64 frontier is substantially weaker than the current gated anchor.	/root/sparsify-ascend/research/history/logs/full_1774061316.log
proxy_1774061421	1774061421	proxy	ok	promote	0.36796602979302406	32	gated	16			5013504	/root/sparsify-ascend/checkpoints/research_agent/round_0036_proxy/round0036_proxy_1774061360_dp2_bs1_ga8_ef16_k32_20260321_104927	45c993368e52c45781d8a5e86e24d88fc2e2d748	autoresearch-sae	True	Run the stabilized gated configuration in proxy at K=32 with AUXK_ALPHA=0.01 to test whether the improved gated family can replace the current JumpReLU K=32 Pareto point.	This keeps the search on the strongest validated family and changes only K, which gives a clean low-K comparison against the existing frontier. The main risk is that gated may degrade too sharply at K=32, but that outcome is still useful for defining the family’s viable sparsity range.	/root/sparsify-ascend/research/history/logs/proxy_1774061421.log
full_1774061751	1774061751	full	ok	keep	0.25877368822693825	32	gated	16			40009728	/root/sparsify-ascend/checkpoints/research_agent/round_0036_full/round0036_full_1774061421_dp2_bs1_ga8_ef16_k32_20260321_105028	45c993368e52c45781d8a5e86e24d88fc2e2d748	autoresearch-sae	True	Run the stabilized gated configuration in proxy at K=32 with AUXK_ALPHA=0.01 to test whether the improved gated family can replace the current JumpReLU K=32 Pareto point. full	This keeps the search on the strongest validated family and changes only K, which gives a clean low-K comparison against the existing frontier. The main risk is that gated may degrade too sharply at K=32, but that outcome is still useful for defining the family’s viable sparsity range.	/root/sparsify-ascend/research/history/logs/full_1774061751.log
proxy_1774062036	1774062036	proxy	ok	discard	0.37884460389614105	32	gated	8			5013504	/root/sparsify-ascend/checkpoints/research_agent/round_0037_proxy/round0037_proxy_1774061976_dp2_bs1_ga8_ef8_k32_20260321_105943	944e501b84f4eb07bb0a730c78c26d6a2152045d	autoresearch-sae	True	Run a proxy gated K=32 stabilization pass with AUXK_ALPHA=0.01 and EXPANSION_FACTOR=8 to test for a better low-K cost-quality tradeoff.	This keeps the search on the strongest validated family and changes only expansion factor, which is the cleanest next family-specific axis after gated swept the tested K values. The main risk is a quality drop from reduced capacity, but the K=32 regime is the most plausible place for over-capacity to be hurting efficiency rather than helping reconstruction.	/root/sparsify-ascend/research/history/logs/proxy_1774062036.log
proxy_1774068549	1774068549	proxy	crash	crash		128	group_topk	16				/root/sparsify-ascend/checkpoints/research_agent/round_0038_proxy/round0038_proxy_1774068369_dp2_bs1_ga8_ef16_k128_20260321_124615	d8c279840033fb06386a9fc6246750f7b0101cbf	autoresearch-sae	True	Run the first real proxy comparison for `group_topk` at K=128 using the current strongest gated training regime, but without the unsupported `GROUP_TOPK_SIZE` env override that caused the earlier crashes.	This advances an incubating family instead of spending another round on weak local gated tuning, and it specifically resolves prior `group_topk` crashes as execution-layer issues rather than architectural evidence. The main risk is that hard local competition may still be too restrictive to challenge gated on FVU, but one clean proxy run is necessary before deciding whether to retire or stabilize this family.	/root/sparsify-ascend/research/history/logs/proxy_1774068549.log
proxy_1774069147	1774069147	proxy	crash	crash		128	gated	16				/root/sparsify-ascend/checkpoints/research_agent/round_0040_proxy/round0040_proxy_1774068967_dp2_bs1_ga8_ef16_k128_20260321_125613	7b5b7c6f08ac4e1eb491f82eb16e9b5e5e467ff5	autoresearch-sae	True	Run a proxy stabilization pass on the best gated K=128 EF=16 configuration with AUXK disabled to test whether pure reconstruction training can improve the current anchor without changing the core regime.	This follows crash-recovery requirements by using the strongest validated configuration with one minor parameter change and no code edits. The main risk is that removing auxk hurts feature health or quality, but it is the cleanest remaining stability-oriented probe on the current best baseline.	/root/sparsify-ascend/research/history/logs/proxy_1774069147.log
proxy_1774096804	1774096804	proxy	ok	incubate	0.26476579532027245	128	topk	16			5013504	/root/sparsify-ascend/checkpoints/research_agent/round_0042_proxy/round0042_proxy_1774096744_dp2_bs1_ga8_ef16_k128_20260321_203911	7da8fdbf90d4db212871004cdf994bb3fda69882	autoresearch-sae	True	Run a fresh `topk` K=128 proxy mainline comparison using the current strongest signum gated regime to see whether the improved training setup materially closes the quality gap for the incubating top-k family.	This is a better use of the round than another gated-adjacent parameter tweak because the search has gone too long without advancing a distinct family, and `topk` already has working runs that can cleanly absorb the stronger regime. The main risk is that top-k remains well behind gated on FVU, but that negative result is still useful because it would retire a lingering incumbent alternative and narrow future exploration toward more novel architectures.	/root/sparsify-ascend/research/history/logs/proxy_1774096804.log
proxy_1774097781	1774097781	proxy	ok	discard	0.2658645771443844	128	gated	16			20021248	/root/sparsify-ascend/checkpoints/research_agent/round_0044_proxy/round0044_proxy_1774097630_dp2_bs1_ga8_ef16_k128_20260321_205400	535159d74792d5b5e788aa453ac4e7f94c6f9ee5	autoresearch-sae	True	Run a gated K=128 proxy stabilization pass at `LR=2e-4` on the current EF=16 signum baseline to test whether a lower learning rate improves FVU on the main quality anchor.	This keeps the round narrow, avoids mixing code and architecture changes, and targets the current best validated family with a plausible quality-oriented hyperparameter sweep. The main risk is undertraining in proxy, but that still gives a useful bound on whether lower-LR gated tuning is worth further attention.	/root/sparsify-ascend/research/history/logs/proxy_1774097781.log
proxy_1774097916	1774097916	proxy	ok	discard	0.2916756868362427	128	gated	4			5013504	/root/sparsify-ascend/checkpoints/research_agent/round_0045_proxy/round0045_proxy_1774097856_dp2_bs1_ga8_ef4_k128_20260321_205747	7134968feffebcac975ba009d2c08357c289b420	autoresearch-sae	True	Run a gated K=128 proxy stabilization pass with `EXPANSION_FACTOR=4` on the current signum baseline, keeping LR, AUXK, and architecture fixed.	This keeps to one parameter, follows the current exploitation guidance, and resolves the remaining obvious gated sweep dimension rather than introducing another unstable architecture prototype. The main risk is a clear FVU regression from reduced capacity, but that result would still be informative because it closes the current gated sweep and sharpens the case for returning to architecture exploration.	/root/sparsify-ascend/research/history/logs/proxy_1774097916.log
proxy_1774098837	1774098837	proxy	crash	crash									cb6704e46d9768e0a44772372d4c94f147c5afe5	autoresearch-sae	True	Fix the `factorized_topk` implementation so it passes sanity, then rerun the same K=128 proxy prototype under the current strongest signum regime.	This is the smallest informative next step because the mainline gated sweeps are exhausted and the incubating family has not yet produced a valid proxy result. The main risk is spending another round on implementation recovery, but one clean run is necessary before deciding whether to stabilize or retire the family.	/root/sparsify-ascend/research/history/logs/proxy_1774098837.log
proxy_1774099532	1774099532	proxy	crash	crash									5db59104519d91ebb96b445422e92b1b9f64bb28	autoresearch-sae	True	Retry the `factorized_topk` K=128 proxy prototype under the current signum baseline, keeping the same regime and avoiding additional code changes so the family can get its first real quality read.	This is narrower and better justified than another code-edit round because the latest recorded failure mode does not provide evidence that the architecture implementation itself is wrong. The main risk is another blocked run, but a clean retry is necessary before either stabilizing or retiring the family.	/root/sparsify-ascend/research/history/logs/proxy_1774099532.log
proxy_1774099713	1774099713	proxy	crash	crash									1ece1ddf907bf98341413e31b933a58538d45fef	autoresearch-sae	True	Register and enable the `factorized_topk` architecture in `sparsify/`, then rerun the same K=128 proxy prototype under the current signum baseline.	This is the smallest defensible next step because the latest failure is an explicit compatibility bug, not a quality result, and continuing to retry without fixing registration would waste rounds. The main risk is that the family still underperforms once it runs, but one valid proxy result is required before deciding whether to stabilize or retire it.	/root/sparsify-ascend/research/history/logs/proxy_1774099713.log
proxy_1774099856	1774099856	proxy	ok	promote	0.3139137737452984	64	gated	16			5013504	/root/sparsify-ascend/checkpoints/research_agent/round_0050_proxy/round0050_proxy_1774099795_dp2_bs1_ga8_ef16_k64_20260321_213005	28316c0c8dbd60337ef7195edfaf2cf3b02ed6d8	autoresearch-sae	True	Run a gated proxy stabilization pass on the current best EF=16 signum configuration with `K=64`, keeping LR=1.6e-3 and AUXK_ALPHA=0.01 fixed.	This follows crash-recovery constraints exactly by avoiding code edits and using the strongest validated family with one small parameter change. The main risk is limited novelty because K=64 is already known, but this is the least risky way to recover a clean signal after consecutive architecture-path crashes.	/root/sparsify-ascend/research/history/logs/proxy_1774099856.log
full_1774100187	1774100187	full	ok	keep	0.2061613965779543	64	gated	16			40009728	/root/sparsify-ascend/checkpoints/research_agent/round_0050_full/round0050_full_1774099856_dp2_bs1_ga8_ef16_k64_20260321_213107	28316c0c8dbd60337ef7195edfaf2cf3b02ed6d8	autoresearch-sae	True	Run a gated proxy stabilization pass on the current best EF=16 signum configuration with `K=64`, keeping LR=1.6e-3 and AUXK_ALPHA=0.01 fixed. full	This follows crash-recovery constraints exactly by avoiding code edits and using the strongest validated family with one small parameter change. The main risk is limited novelty because K=64 is already known, but this is the least risky way to recover a clean signal after consecutive architecture-path crashes.	/root/sparsify-ascend/research/history/logs/full_1774100187.log
proxy_1774100412	1774100412	proxy	ok	promote	0.36796602979302406	32	gated	16			5013504	/root/sparsify-ascend/checkpoints/research_agent/round_0051_proxy/round0051_proxy_1774100321_dp2_bs1_ga8_ef16_k32_20260321_213852	fcc0209357977b09147c4ae7eab6acf3e8bd5be5	autoresearch-sae	True	Run a gated proxy stabilization pass on the current best EF=16 signum configuration with `K=32`, keeping LR=1.6e-3 and AUXK_ALPHA=0.01 fixed.	This keeps the session on the stable best-known family, changes only one parameter, and updates the next lower-K Pareto point after K=64 was reconfirmed cleanly. The main risk is low novelty because K=32 is already on the frontier, but it is still the safest informative move before reintroducing any blocked architecture work.	/root/sparsify-ascend/research/history/logs/proxy_1774100412.log
full_1774100862	1774100862	full	ok	keep	0.25877368822693825	32	gated	16			40009728	/root/sparsify-ascend/checkpoints/research_agent/round_0051_full/round0051_full_1774100412_dp2_bs1_ga8_ef16_k32_20260321_214022	fcc0209357977b09147c4ae7eab6acf3e8bd5be5	autoresearch-sae	True	Run a gated proxy stabilization pass on the current best EF=16 signum configuration with `K=32`, keeping LR=1.6e-3 and AUXK_ALPHA=0.01 fixed. full	This keeps the session on the stable best-known family, changes only one parameter, and updates the next lower-K Pareto point after K=64 was reconfirmed cleanly. The main risk is low novelty because K=32 is already on the frontier, but it is still the safest informative move before reintroducing any blocked architecture work.	/root/sparsify-ascend/research/history/logs/full_1774100862.log
proxy_1774101276	1774101276	proxy	ok	incubate	0.3275916539132595	128	factorized_topk	16			5013504	/root/sparsify-ascend/checkpoints/research_agent/round_0053_proxy/round0053_proxy_1774101216_dp2_bs1_ga8_ef16_k128_20260321_215347	3661365b7498c1963b979edec6a9abf27bcc3d28	autoresearch-sae	True	Run the `factorized_topk` K=128 proxy prototype under the current best signum settings to measure whether low-rank encoder mixing improves over the existing top-k-style baselines.	This keeps the round to one variable by changing only architecture at fixed K, LR, optimizer, and expansion. The main risk is that the new family is slower or clearly worse than gated, but one clean proxy result is still more valuable than another local gated sweep that is unlikely to move the frontier meaningfully.	/root/sparsify-ascend/research/history/logs/proxy_1774101276.log
proxy_1774101463	1774101463	proxy	ok	incubate	0.3188326023519039	128	factorized_topk	32			5013504	/root/sparsify-ascend/checkpoints/research_agent/round_0054_proxy/round0054_proxy_1774101373_dp2_bs1_ga8_ef32_k128_20260321_215624	b5f9a8843f65417b52a0e604fd6c9e4380be1e4c	autoresearch-sae	True	Run a `factorized_topk` proxy stabilization pass with `EXPANSION_FACTOR=32` at K=128 under the same signum baseline to test whether more latent capacity materially improves its proxy FVU.	This keeps the round to one coherent variable, preserves the now-working family, and answers the next obvious question after a clean but weak prototype result: was the architecture bottlenecked by capacity. The main risk is spending one more round on a family that is still well behind gated, but a width check is the cheapest way to determine whether `factorized_topk` has headroom or should be archived.	/root/sparsify-ascend/research/history/logs/proxy_1774101463.log
proxy_1774101635	1774101635	proxy	ok	incubate	0.3457685150206089	128	factorized_topk	32			5013504	/root/sparsify-ascend/checkpoints/research_agent/round_0055_proxy/round0055_proxy_1774101545_dp2_bs1_ga8_ef32_k128_20260321_215915	d2e10391bccd9fd4bdbb5566d0fd1bf4386357f6	autoresearch-sae	True	Run a `factorized_topk` proxy stabilization pass at `EXPANSION_FACTOR=32`, `K=128`, and `LR=8e-4` under the same signum regime to test whether a lower LR improves proxy FVU on the stronger factorized configuration.	This keeps the round tightly scoped to one variable, stays in exploitation mode on the only active incubating family, and tests the next most plausible reason for the gap after capacity helped a bit. The main risk is that the family is simply too weak and LR tuning will not rescue it, but one LR check is a cheaper discriminator than continuing to scale width blindly.	/root/sparsify-ascend/research/history/logs/proxy_1774101635.log
proxy_1774101803	1774101803	proxy	ok	incubate	0.318875290453434	128	factorized_topk	32			5013504	/root/sparsify-ascend/checkpoints/research_agent/round_0056_proxy/round0056_proxy_1774101713_dp2_bs1_ga8_ef32_k128_20260321_220203	8e5b6e47d9f2b83585450f0e069a77f4764dc362	autoresearch-sae	True	Run a `factorized_topk` proxy stabilization pass at `EXPANSION_FACTOR=32`, `K=128`, `LR=1.6e-3`, and `AUXK_ALPHA=0.03125` to test whether stronger aux-k regularization improves the best current factorized setup.	This stays in exploitation mode on the only active incubating family, changes exactly one variable, and follows the remaining obvious stabilization axis after the LR regression. The main risk is that aux-k also fails to help, but that outcome would be useful evidence that the family is near exhaustion and ready to archive.	/root/sparsify-ascend/research/history/logs/proxy_1774101803.log
proxy_1774101994	1774101994	proxy	crash	crash									13e3a30ee2a4b125add5ef6e736cc0dfaef82ada	autoresearch-sae	True	Add a `residual_topk` prototype in `sparsify/` and run a K=128 proxy comparison under the current best signum regime to test whether two-stage sparse residual coding can beat flat top-k-style encoders.	This satisfies the runtime mandate to stop minor parameter tweaks and switch to a genuinely different architecture approach after repeated stagnation. The main risk is implementation complexity or slow runtime, but a minimal two-stage prototype is still the cleanest next discriminator because it changes the coding mechanism itself rather than repeating another local sweep.	/root/sparsify-ascend/research/history/logs/proxy_1774101994.log
proxy_1774102171	1774102171	proxy	crash	crash									697318fe5073896f69945d6bc458358907c1f5b1	autoresearch-sae	True	Register and implement the `residual_topk` architecture in `sparsify/`, then rerun the same K=128 proxy prototype under the current best signum settings.	This is the minimal blocker-removal step after a concrete architecture-registration crash, and it keeps the round focused on making the intended new family runnable rather than changing the experimental target. The main risk is that a second incompatibility appears after registration, but that is still better handled as a code-fix path than by abandoning the family without a valid signal.	/root/sparsify-ascend/research/history/logs/proxy_1774102171.log
proxy_1774102398	1774102398	proxy	ok	promote	0.17990098893642426	128	gated	16			20021248	/root/sparsify-ascend/checkpoints/research_agent/round_0059_proxy/round0059_proxy_1774102247_dp2_bs1_ga8_ef16_k128_20260321_221057	bc42b31d094ea0f3233329ce330a2c597d1d3871	autoresearch-sae	True	Run a gated proxy recovery pass at `K=128` with the current best signum setup and `AUXK_ALPHA=0` to restore a clean signal on the strongest working family.	This follows crash-recovery constraints exactly by avoiding code edits and using the best validated family with one minor parameter change. The main risk is low novelty because gated aux-k has been explored before, but restoring a clean baseline signal is more important than novelty after consecutive crashes.	/root/sparsify-ascend/research/history/logs/proxy_1774102398.log
full_1774102699	1774102699	full	ok	keep	0.1598195917904377	128	gated	16			40009728	/root/sparsify-ascend/checkpoints/research_agent/round_0059_full/round0059_full_1774102398_dp2_bs1_ga8_ef16_k128_20260321_221328	bc42b31d094ea0f3233329ce330a2c597d1d3871	autoresearch-sae	True	Run a gated proxy recovery pass at `K=128` with the current best signum setup and `AUXK_ALPHA=0` to restore a clean signal on the strongest working family. full	This follows crash-recovery constraints exactly by avoiding code edits and using the best validated family with one minor parameter change. The main risk is low novelty because gated aux-k has been explored before, but restoring a clean baseline signal is more important than novelty after consecutive crashes.	/root/sparsify-ascend/research/history/logs/full_1774102699.log
proxy_1774102938	1774102938	proxy	ok	promote	0.2238093875348568	64	gated	16			20021248	/root/sparsify-ascend/checkpoints/research_agent/round_0060_proxy/round0060_proxy_1774102788_dp2_bs1_ga8_ef16_k64_20260321_221958	38e1e63bf3f94951decb6db7632a5e05a963756b	autoresearch-sae	True	Run a gated proxy comparison at `K=64` with the recovered `AUXK_ALPHA=0`, EF=16, signum, LR=1.6e-3 recipe to test whether the stable aux-free regime improves the lower-cost frontier.	This keeps the session in the strongest working family, changes a single parameter, and uses the recovered K=128 recipe as the new anchor for a lower-cost comparison. The main risk is limited novelty because K=64 is already on the frontier, but this is the least risky way to leverage restored stability while still searching for a non-dominated point.	/root/sparsify-ascend/research/history/logs/proxy_1774102938.log
full_1774103238	1774103238	full	ok	keep	0.20609215833246708	64	gated	16			40009728	/root/sparsify-ascend/checkpoints/research_agent/round_0060_full/round0060_full_1774102938_dp2_bs1_ga8_ef16_k64_20260321_222228	38e1e63bf3f94951decb6db7632a5e05a963756b	autoresearch-sae	True	Run a gated proxy comparison at `K=64` with the recovered `AUXK_ALPHA=0`, EF=16, signum, LR=1.6e-3 recipe to test whether the stable aux-free regime improves the lower-cost frontier. full	This keeps the session in the strongest working family, changes a single parameter, and uses the recovered K=128 recipe as the new anchor for a lower-cost comparison. The main risk is limited novelty because K=64 is already on the frontier, but this is the least risky way to leverage restored stability while still searching for a non-dominated point.	/root/sparsify-ascend/research/history/logs/full_1774103238.log
